date,equity
2000-01-03,1.0
2000-01-04,1.0
2000-01-05,1.0
2000-01-06,1.0
2000-01-07,1.0
2000-01-10,1.0
2000-01-11,1.0
2000-01-12,1.0
2000-01-13,1.0
2000-01-14,1.0
2000-01-17,1.0
2000-01-18,1.0
2000-01-19,1.0
2000-01-20,1.0
2000-01-21,1.0
2000-01-24,1.0
2000-01-25,1.0
2000-01-26,1.0
2000-01-27,1.0
2000-01-28,1.0
2000-01-31,1.0
2000-02-01,0.999434444277726
2000-02-02,0.9998920879229458
2000-02-03,1.0010984493610942
2000-02-04,1.0017610432241748
2000-02-07,1.0019796690024338
2000-02-08,1.001798835017954
2000-02-09,1.002304710832936
2000-02-10,1.0022479752524653
2000-02-11,1.0020573428861566
2000-02-14,1.0028766815075714
2000-02-15,1.0031344900272585
2000-02-16,1.0034783294866847
2000-02-17,1.0035747184950887
2000-02-18,1.0031290951675393
2000-02-21,1.0019231136308924
2000-02-22,1.0023213957506063
2000-02-23,1.0028338540655228
2000-02-24,1.0030580530924678
2000-02-25,1.0024609121139352
2000-02-28,1.0022454449836948
2000-02-29,1.0022884538058485
2000-03-01,1.0014591239481472
2000-03-02,1.0014468854807348
2000-03-03,1.001653692943183
2000-03-06,1.0017257520247538
2000-03-07,1.0010602179714607
2000-03-08,1.0009327758530884
2000-03-09,1.0005728771707458
2000-03-10,0.9998577474119261
2000-03-13,0.9990870744215409
2000-03-14,0.9991164489070509
2000-03-15,0.9987241055695797
2000-03-16,1.0000820621912603
2000-03-17,1.0002350489137122
2000-03-20,1.0004934248510442
2000-03-21,1.0005448609501355
2000-03-22,1.000212063354071
2000-03-23,1.0007977831757124
2000-03-24,1.0012082277439276
2000-03-27,1.0016698304659168
2000-03-28,1.0020143189408919
2000-03-29,1.0009631869613393
2000-03-30,1.0014031106340588
2000-03-31,1.0013408348612147
2000-04-03,1.0014365711652948
2000-04-04,1.002132502190031
2000-04-05,1.0020327317044726
2000-04-06,1.0013165069150376
2000-04-07,1.0016892458106117
2000-04-10,1.0030753192411896
2000-04-11,1.0023491702315526
2000-04-12,1.002640447350542
2000-04-13,1.002489972609913
2000-04-14,1.003351049240191
2000-04-17,1.003433647588843
2000-04-18,1.0026931999774251
2000-04-19,1.0014903915450173
2000-04-20,1.0024832257745906
2000-04-21,1.0025494369372623
2000-04-24,1.0021569980836469
2000-04-25,1.0021210613749945
2000-04-26,1.0021995299149258
2000-04-27,1.001770226346595
2000-04-28,1.0017087445392692
2000-05-01,1.0022453213196323
2000-05-02,1.0015328028262234
2000-05-03,1.0022945771598577
2000-05-04,1.001974690823726
2000-05-05,1.002210574698638
2000-05-08,1.003226472650018
2000-05-09,1.0026625278873216
2000-05-10,1.0027219271534002
2000-05-11,1.0030815191461921
2000-05-12,1.003746390499928
2000-05-15,1.0033125534042882
2000-05-16,1.004308147157734
2000-05-17,1.0031616672279626
2000-05-18,1.0033893298365868
2000-05-19,1.0027892661601472
2000-05-22,1.0027645896048256
2000-05-23,1.0033437947768054
2000-05-24,1.003258178503077
2000-05-25,1.0039812419788534
2000-05-26,1.0041853107916314
2000-05-29,1.0046728855617848
2000-05-30,1.0050820410858992
2000-05-31,1.0038189485503832
2000-06-01,1.0049284103402552
2000-06-02,1.004042739033314
2000-06-05,1.0042620870246994
2000-06-06,1.0045485564722505
2000-06-07,1.003577739092052
2000-06-08,1.0034993299462647
2000-06-09,1.0032176218593678
2000-06-12,1.0027460030082258
2000-06-13,1.0030193290502343
2000-06-14,1.0032444137791003
2000-06-15,1.003375771662043
2000-06-16,1.003587865246427
2000-06-19,1.0028094341393101
2000-06-20,1.0031508716196407
2000-06-21,1.0024817664447632
2000-06-22,1.0022945849570253
2000-06-23,1.0020251585833084
2000-06-26,1.0012275712807168
2000-06-27,1.0016692427706848
2000-06-28,1.002747592880221
2000-06-29,1.002623032755473
2000-06-30,1.003141433345255
2000-07-03,1.0027279816051964
2000-07-04,1.0031572453232194
2000-07-05,1.004281469186314
2000-07-06,1.0048401316137265
2000-07-07,1.0042473158909206
2000-07-10,1.0043925610224793
2000-07-11,1.0042442497060033
2000-07-12,1.0041507681428579
2000-07-13,1.005435627079591
2000-07-14,1.0051627936531224
2000-07-17,1.0047530420028334
2000-07-18,1.005263778076667
2000-07-19,1.0048025409449324
2000-07-20,1.0041916606306522
2000-07-21,1.0029628570343356
2000-07-24,1.0022115284159605
2000-07-25,1.001884432016365
2000-07-26,1.0015383318078992
2000-07-27,1.0019048611837247
2000-07-28,1.0020966921655985
2000-07-31,1.0031155097288327
2000-08-01,1.0035285758674515
2000-08-02,1.0034205373709078
2000-08-03,1.0035688101821114
2000-08-04,1.0050537939358264
2000-08-07,1.0052647300892152
2000-08-08,1.005864550426357
2000-08-09,1.006845549065691
2000-08-10,1.006599984208291
2000-08-11,1.007197659923752
2000-08-14,1.007581483544253
2000-08-15,1.0074621486537585
2000-08-16,1.0084856973343517
2000-08-17,1.008024608456653
2000-08-18,1.0079374904024367
2000-08-21,1.0078177962748465
2000-08-22,1.0070581671336498
2000-08-23,1.0078324368381861
2000-08-24,1.0077754911737387
2000-08-25,1.0070705798359152
2000-08-28,1.0067547379873363
2000-08-29,1.0063451044330824
2000-08-30,1.0073155021911573
2000-08-31,1.0077993005658372
2000-09-01,1.0086508710408633
2000-09-04,1.0088646236850483
2000-09-05,1.0092353343675686
2000-09-06,1.0087335161195892
2000-09-07,1.00925007726472
2000-09-08,1.009101507719539
2000-09-11,1.0094961233965898
2000-09-12,1.009491889460667
2000-09-13,1.0088930938330043
2000-09-14,1.009949905646894
2000-09-15,1.0097857493650917
2000-09-18,1.0112400250396951
2000-09-19,1.011429561618315
2000-09-20,1.0115828306857781
2000-09-21,1.0120558091900902
2000-09-22,1.01259153649991
2000-09-25,1.013119197777854
2000-09-26,1.0132407367478264
2000-09-27,1.0136726696666283
2000-09-28,1.0132975191694875
2000-09-29,1.0126257839624915
2000-10-02,1.0138501123655177
2000-10-03,1.0143120582189786
2000-10-04,1.0144578640058295
2000-10-05,1.0135947452215686
2000-10-06,1.014515510464526
2000-10-09,1.014610620791161
2000-10-10,1.0138647120145827
2000-10-11,1.0137397721530463
2000-10-12,1.0143290862847227
2000-10-13,1.0145765338453254
2000-10-16,1.0154209987484135
2000-10-17,1.0133470572700092
2000-10-18,1.0141586031551386
2000-10-19,1.0139004217101857
2000-10-20,1.0142261380239157
2000-10-23,1.0141074819238491
2000-10-24,1.0145548021406785
2000-10-25,1.015111080194981
2000-10-26,1.0159010469828655
2000-10-27,1.0161157161106031
2000-10-30,1.0166853158467082
2000-10-31,1.0170936595040925
2000-11-01,1.016767916120209
2000-11-02,1.0168329122640152
2000-11-03,1.0176755867686522
2000-11-06,1.016433676284767
2000-11-07,1.0174813063339223
2000-11-08,1.0174819077476815
2000-11-09,1.0182086620861222
2000-11-10,1.018178329209359
2000-11-13,1.0173408978038905
2000-11-14,1.0164263320814064
2000-11-15,1.0160946477127497
2000-11-16,1.01527394190214
2000-11-17,1.0158727416465412
2000-11-20,1.0149866686764777
2000-11-21,1.0138855458343639
2000-11-22,1.0145186817777365
2000-11-23,1.0144477630260813
2000-11-24,1.0138773492929205
2000-11-27,1.0135024453064938
2000-11-28,1.0134430051877616
2000-11-29,1.013451407975202
2000-11-30,1.0132544521712405
2000-12-01,1.0116725061727032
2000-12-04,1.011163318721121
2000-12-05,1.010333361979988
2000-12-06,1.0102462886471815
2000-12-07,1.01052870378215
2000-12-08,1.0105434484370446
2000-12-11,1.010427805081188
2000-12-12,1.0103579824118856
2000-12-13,1.0091835867175576
2000-12-14,1.0097312570388284
2000-12-15,1.0102468572645973
2000-12-18,1.0107310561014755
2000-12-19,1.0109348661416142
2000-12-20,1.010422091027831
2000-12-21,1.0102615631184342
2000-12-22,1.010147341960948
2000-12-25,1.0096544775620835
2000-12-26,1.010681073876281
2000-12-27,1.0110032580400528
2000-12-28,1.0121122127941211
2000-12-29,1.0128092412413285
2001-01-01,1.013051760048846
2001-01-02,1.012945334297203
2001-01-03,1.013095593376894
2001-01-04,1.012859212965351
2001-01-05,1.012343859006427
2001-01-08,1.0118007574565908
2001-01-09,1.0120762187024657
2001-01-10,1.011349953262014
2001-01-11,1.01131632831122
2001-01-12,1.0104887370340558
2001-01-15,1.011346268529263
2001-01-16,1.0113467481429013
2001-01-17,1.01128642086505
2001-01-18,1.0115274074162277
2001-01-19,1.01134651553713
2001-01-22,1.01056181762339
2001-01-23,1.0103429061129294
2001-01-24,1.0113576597577603
2001-01-25,1.0116286639326335
2001-01-26,1.0124311809425626
2001-01-29,1.0141120964159887
2001-01-30,1.0143573524447826
2001-01-31,1.0143245389608753
2001-02-01,1.0152255323323949
2001-02-02,1.0153538997168696
2001-02-05,1.0147743682250747
2001-02-06,1.0140070794618927
2001-02-07,1.0136409279338128
2001-02-08,1.0138875931162596
2001-02-09,1.0137502847156699
2001-02-12,1.0135857133291521
2001-02-13,1.0129179867751192
2001-02-14,1.0126895935748272
2001-02-15,1.012816419339558
2001-02-16,1.0117313212196826
2001-02-19,1.011277743273464
2001-02-20,1.0127348380431527
2001-02-21,1.0135187376841424
2001-02-22,1.0144252999583696
2001-02-23,1.0131936460749917
2001-02-26,1.0131901277488873
2001-02-27,1.0135770380822418
2001-02-28,1.0136230335367344
2001-03-01,1.0142566324302915
2001-03-02,1.0145903383963193
2001-03-05,1.0150400913345117
2001-03-06,1.0157812439272675
2001-03-07,1.0147533691749828
2001-03-08,1.0150543541035983
2001-03-09,1.0143869147424402
2001-03-12,1.014747948379917
2001-03-13,1.0156683601538532
2001-03-14,1.0156977744617923
2001-03-15,1.014759135655932
2001-03-16,1.0139638200847942
2001-03-19,1.0140146692636718
2001-03-20,1.013692932650986
2001-03-21,1.0147986903409596
2001-03-22,1.0146924688216263
2001-03-23,1.0159529055757652
2001-03-26,1.0160263622006112
2001-03-27,1.01539783991137
2001-03-28,1.016906142886901
2001-03-29,1.0167968455148977
2001-03-30,1.0178366454988388
2001-04-02,1.0188675735740165
2001-04-03,1.0188533761318552
2001-04-04,1.0193815517720148
2001-04-05,1.0200969013019043
2001-04-06,1.0210717023126443
2001-04-09,1.0209846113009569
2001-04-10,1.0203736481413892
2001-04-11,1.0212056182016296
2001-04-12,1.0216695101616153
2001-04-13,1.0205542842064745
2001-04-16,1.0213244897441964
2001-04-17,1.020521485063311
2001-04-18,1.020375882083298
2001-04-19,1.0200795803797003
2001-04-20,1.0199834430131927
2001-04-23,1.020046002198895
2001-04-24,1.0195298633681136
2001-04-25,1.020273288208819
2001-04-26,1.020716435298812
2001-04-27,1.0212130353431867
2001-04-30,1.0221173616151653
2001-05-01,1.0230145037526934
2001-05-02,1.0232309155624122
2001-05-03,1.023441375935726
2001-05-04,1.0231610372586297
2001-05-07,1.0235093867573002
2001-05-08,1.0234027608033405
2001-05-09,1.0223669822402763
2001-05-10,1.022742933804455
2001-05-11,1.02216434639516
2001-05-14,1.0232042877901697
2001-05-15,1.02448415600007
2001-05-16,1.0250569312703275
2001-05-17,1.02447109911565
2001-05-18,1.02461453204109
2001-05-21,1.0240430010941508
2001-05-22,1.0236422417316913
2001-05-23,1.0231456727663373
2001-05-24,1.0231506481376273
2001-05-25,1.0232994949676184
2001-05-28,1.023334073124857
2001-05-29,1.0236162659758232
2001-05-30,1.0230425892994148
2001-05-31,1.0238509931276945
2001-06-01,1.0246145998383078
2001-06-04,1.0243006229890816
2001-06-05,1.0246595283618898
2001-06-06,1.024325378206091
2001-06-07,1.023869244421492
2001-06-08,1.0239159266221982
2001-06-11,1.02460787369847
2001-06-12,1.0245330807014348
2001-06-13,1.0247969714658955
2001-06-14,1.0250661862205352
2001-06-15,1.024285769786128
2001-06-18,1.0225328940023166
2001-06-19,1.0216936611838252
2001-06-20,1.0213836730664767
2001-06-21,1.020945761914881
2001-06-22,1.0204138655202435
2001-06-25,1.0193285227234195
2001-06-26,1.019551779905784
2001-06-27,1.0203038616295728
2001-06-28,1.0212623554391673
2001-06-29,1.0217046700895627
2001-07-02,1.0212938204853652
2001-07-03,1.0217114393849753
2001-07-04,1.0206013257843944
2001-07-05,1.0212493599674088
2001-07-06,1.0218919356491567
2001-07-09,1.0214157505110526
2001-07-10,1.0216827701941613
2001-07-11,1.021963870648839
2001-07-12,1.0221346643173295
2001-07-13,1.0233768279536843
2001-07-16,1.0235499091021603
2001-07-17,1.0228541472754806
2001-07-18,1.0221698761303146
2001-07-19,1.0229741885499999
2001-07-20,1.0220271230327047
2001-07-23,1.0222340103021696
2001-07-24,1.021311003763067
2001-07-25,1.0217595856573098
2001-07-26,1.0217578929997753
2001-07-27,1.0224860487240424
2001-07-30,1.0216115827431722
2001-07-31,1.0207301446171007
2001-08-01,1.0206200188853896
2001-08-02,1.0203395103916493
2001-08-03,1.021194497256158
2001-08-06,1.0212013160828
2001-08-07,1.0213093543125578
2001-08-08,1.021192388426646
2001-08-09,1.0221340408814248
2001-08-10,1.0207908870243305
2001-08-13,1.0207478824294536
2001-08-14,1.0199425649559821
2001-08-15,1.0189656000589604
2001-08-16,1.0202563392161976
2001-08-17,1.0211598000512798
2001-08-20,1.0218762216225719
2001-08-21,1.021418074411673
2001-08-22,1.021820388450563
2001-08-23,1.0222104416217035
2001-08-24,1.0223134536615897
2001-08-27,1.0228257357275394
2001-08-28,1.0236403024517597
2001-08-29,1.0242021354475381
2001-08-30,1.0251158746242333
2001-08-31,1.0259092953352476
2001-09-03,0.9850183381047375
2001-09-04,0.9748455359153149
2001-09-05,0.9613389725405801
2001-09-06,0.9783081918384741
2001-09-07,1.0132292624866543
2001-09-10,1.0581221808046772
2001-09-11,1.0458913845935827
2001-09-12,1.0857089822824773
2001-09-13,1.1104910573367885
2001-09-14,1.1200130946592275
2001-09-17,1.131378802651557
2001-09-18,1.0693264294605989
2001-09-19,1.0683476430784644
2001-09-20,1.0332558876709614
2001-09-21,1.026292258126147
2001-09-24,1.0267608323192339
2001-09-25,1.054734781262864
2001-09-26,1.0836409526734858
2001-09-27,1.0824213874439075
2001-09-28,1.0836959874941596
2001-10-01,1.0242760726129547
2001-10-02,1.0045302938460072
2001-10-03,0.9628267565374237
2001-10-04,1.0021595779640267
2001-10-05,1.0252157766608931
2001-10-08,1.0011236814063276
2001-10-09,1.023129957751456
2001-10-10,0.9428903001180445
2001-10-11,0.9752330660618086
2001-10-12,0.9867420380533631
2001-10-15,1.0439701782937723
2001-10-16,1.031774903688943
2001-10-17,1.0235225146837066
2001-10-18,0.9617201380269659
2001-10-19,0.9556766851668896
2001-10-22,0.9345120188249438
2001-10-23,0.9470656577396621
2001-10-24,0.972903437923688
2001-10-25,1.0004739427669662
2001-10-26,1.079709343928008
2001-10-29,1.0220758548462818
2001-10-30,1.0020864870381223
2001-10-31,0.9410807481966994
2001-11-01,0.9581020258152675
2001-11-02,0.9501959483234296
2001-11-05,0.9911171698610823
2001-11-06,0.9982554416295322
2001-11-07,0.9774179402467879
2001-11-08,0.9569284269244283
2001-11-09,0.9361305467240452
2001-11-12,0.901057884381165
2001-11-13,0.8921524616283895
2001-11-14,0.9207769012288461
2001-11-15,0.9337428414652623
2001-11-16,0.9579548112573711
2001-11-19,0.9388831138927588
2001-11-20,0.9247677637860492
2001-11-21,0.9203277130616405
2001-11-22,0.9013062228683676
2001-11-23,0.9416942077782232
2001-11-26,0.9272304422108044
2001-11-27,0.9472925793916123
2001-11-28,0.9597163421198194
2001-11-29,0.9474677771344183
2001-11-30,0.9779583760702586
2001-12-03,1.007482507867952
2001-12-04,1.0173019801114287
2001-12-05,1.03692763045771
2001-12-06,1.0296198626662707
2001-12-07,1.0631268562452716
2001-12-10,1.121754929895295
2001-12-11,1.1106957472668357
2001-12-12,1.0822409362643974
2001-12-13,1.0234361577542992
2001-12-14,1.0280249361212417
2001-12-17,1.07452232471581
2001-12-18,1.1405947933390654
2001-12-19,1.104276836877787
2001-12-20,1.0712547467599545
2001-12-21,1.0485949704651871
2001-12-24,1.0481412221834243
2001-12-25,1.062163478872459
2001-12-26,1.1244628891180737
2001-12-27,1.0531041829699856
2001-12-28,1.0216162331602177
2001-12-31,0.9991165268860039
2002-01-01,0.9699425206957962
2002-01-02,0.9722425548857586
2002-01-03,0.9936700870728218
2002-01-04,0.9728608417845959
2002-01-07,0.9570085453039066
2002-01-08,0.9474592397659578
2002-01-09,0.9454723844064726
2002-01-10,0.9575184825842042
2002-01-11,0.9866088167279499
2002-01-14,1.0059622849986782
2002-01-15,1.0280429337247627
2002-01-16,0.9978072595501092
2002-01-17,1.0305456558411688
2002-01-18,1.0446710339939804
2002-01-21,1.0123342491085316
2002-01-22,1.0262025236498602
2002-01-23,1.0515191116236786
2002-01-24,1.0678574753550991
2002-01-25,1.1033141464898288
2002-01-28,1.1113851681736675
2002-01-29,1.1128866032243399
2002-01-30,1.1500662650168065
2002-01-31,1.0886971064419353
2002-02-01,1.0664053397751163
2002-02-04,1.0775546157053881
2002-02-05,1.0703322929509476
2002-02-06,1.0484378251723974
2002-02-07,1.0392527827225073
2002-02-08,1.026259629418681
2002-02-11,1.0353471325795944
2002-02-12,1.0311709643369404
2002-02-13,1.0082483883040745
2002-02-14,1.0141360501427406
2002-02-15,1.0293307030612997
2002-02-18,1.0533492086757206
2002-02-19,1.0554850029880969
2002-02-20,1.0513531807097858
2002-02-21,1.0342326538866864
2002-02-22,1.018384836011144
2002-02-25,1.0175752743871163
2002-02-26,1.0137508655304603
2002-02-27,1.0221350536118776
2002-02-28,1.019391527959874
2002-03-01,1.01995159527432
2002-03-04,1.0036512259086852
2002-03-05,0.9897517876328893
2002-03-06,0.9400584267003895
2002-03-07,0.9411557774845133
2002-03-08,1.0117542046595478
2002-03-11,1.0048785298530754
2002-03-12,1.0130074424323317
2002-03-13,0.9954274968571551
2002-03-14,0.9850144709341097
2002-03-15,0.9964743354120892
2002-03-18,1.0383060428946866
2002-03-19,1.0345358201477453
2002-03-20,1.0376563628034763
2002-03-21,1.0744365213937916
2002-03-22,1.0854942966688388
2002-03-25,1.0699918334772252
2002-03-26,1.0919762588788082
2002-03-27,1.1110953324657122
2002-03-28,1.07327805881566
2002-03-29,1.0775705808706608
2002-04-01,1.0754892845617237
2002-04-02,1.0661631773410556
2002-04-03,1.0748671769815694
2002-04-04,1.0606716240286052
2002-04-05,1.0560564412821798
2002-04-08,1.0643549930215848
2002-04-09,1.058611380044166
2002-04-10,1.070970971856925
2002-04-11,1.066467272976851
2002-04-12,1.069049195480278
2002-04-15,1.068989632246258
2002-04-16,1.0769736440747486
2002-04-17,1.0773639774964885
2002-04-18,1.0768001931318278
2002-04-19,1.0815685130978612
2002-04-22,1.0879409944876206
2002-04-23,1.079649925667149
2002-04-24,1.0792788698689864
2002-04-25,1.092697645557643
2002-04-26,1.0945450867803275
2002-04-29,1.1009301186216955
2002-04-30,1.1023224016586828
2002-05-01,1.1013859703349893
2002-05-02,1.10106868177639
2002-05-03,1.1005643301550405
2002-05-06,1.1006438279456903
2002-05-07,1.1002796316620778
2002-05-08,1.1000415787086386
2002-05-09,1.1004657851364703
2002-05-10,1.1003421476846522
2002-05-13,1.09947868136632
2002-05-14,1.0988968150337335
2002-05-15,1.099603732110287
2002-05-16,1.100808022118459
2002-05-17,1.1008463768226209
2002-05-20,1.1006608305576246
2002-05-21,1.100468906307431
2002-05-22,1.1007583174370061
2002-05-23,1.1008588263441235
2002-05-24,1.1026423548091062
2002-05-27,1.102629175412396
2002-05-28,1.1026312978208426
2002-05-29,1.1031068842531597
2002-05-30,1.1039689475604053
2002-05-31,1.103772084639068
2002-06-03,1.103344493466594
2002-06-04,1.1034630386325428
2002-06-05,1.1036891238715094
2002-06-06,1.1037400703899167
2002-06-07,1.1051196478740932
2002-06-10,1.1056454974064915
2002-06-11,1.1066556171009903
2002-06-12,1.1075586944971656
2002-06-13,1.1065862240455622
2002-06-14,1.106211267308919
2002-06-17,1.1061736167514913
2002-06-18,1.1063180047085055
2002-06-19,1.1065755493144673
2002-06-20,1.1060510479176981
2002-06-21,1.1064834855154464
2002-06-24,1.1058911680423318
2002-06-25,1.106414491041347
2002-06-26,1.1074550954296827
2002-06-27,1.1077336823105517
2002-06-28,1.1080363039859185
2002-07-01,1.1097107735689922
2002-07-02,1.1098945525149917
2002-07-03,1.1095191115709617
2002-07-04,1.1089778305687576
2002-07-05,1.1087132418717591
2002-07-08,1.1090818016392665
2002-07-09,1.1087131136175317
2002-07-10,1.1094595328769068
2002-07-11,1.1091342558146695
2002-07-12,1.108428992629939
2002-07-15,1.108117039043855
2002-07-16,1.1084851504729556
2002-07-17,1.108404745036188
2002-07-18,1.1088552238394178
2002-07-19,1.10930267723247
2002-07-22,1.1107897135421034
2002-07-23,1.1121940245419843
2002-07-24,1.1125715303526056
2002-07-25,1.1133311374303236
2002-07-26,1.1135906681291177
2002-07-29,1.1132269604119147
2002-07-30,1.1139755883422966
2002-07-31,1.1129986721231153
2002-08-01,1.1110866853756283
2002-08-02,1.109445435271031
2002-08-05,1.105185078548068
2002-08-06,1.1026950232956725
2002-08-07,1.1038671946119394
2002-08-08,1.0983527630894825
2002-08-09,1.0994069631071313
2002-08-12,1.0986768837390737
2002-08-13,1.0958706022451858
2002-08-14,1.0985094476849178
2002-08-15,1.0992987166474126
2002-08-16,1.0987517703136147
2002-08-19,1.1017092340306733
2002-08-20,1.104162813618354
2002-08-21,1.103490256943013
2002-08-22,1.0989350111825473
2002-08-23,1.097870623578393
2002-08-26,1.0950898908823845
2002-08-27,1.0963486564686185
2002-08-28,1.0997221580065613
2002-08-29,1.1044739102088872
2002-08-30,1.1035078853101195
2002-09-02,1.1036941453313778
2002-09-03,1.1029041120163772
2002-09-04,1.101501184660944
2002-09-05,1.1027537408299428
2002-09-06,1.105406507233089
2002-09-09,1.1032746307599988
2002-09-10,1.102693102240372
2002-09-11,1.1054984507067591
2002-09-12,1.104901232966315
2002-09-13,1.103323087670836
2002-09-16,1.1030286001730605
2002-09-17,1.1039589851903069
2002-09-18,1.1066256126133387
2002-09-19,1.1040952188932616
2002-09-20,1.1091153077235507
2002-09-23,1.108976185826086
2002-09-24,1.1090971222457402
2002-09-25,1.1074449332072422
2002-09-26,1.1067396069477464
2002-09-27,1.1072783317016583
2002-09-30,1.108443318252079
2002-10-01,1.1076937087967214
2002-10-02,1.1074657926161873
2002-10-03,1.1086074612493142
2002-10-04,1.1071037406864837
2002-10-07,1.1067164447974671
2002-10-08,1.1065115601540458
2002-10-09,1.1061116758102134
2002-10-10,1.1061108609058854
2002-10-11,1.1064622543542573
2002-10-14,1.107838320145636
2002-10-15,1.10791214674979
2002-10-16,1.1066596401057252
2002-10-17,1.1066350116719328
2002-10-18,1.1064267239001548
2002-10-21,1.107177930355687
2002-10-22,1.1070867311331996
2002-10-23,1.1080524236511535
2002-10-24,1.1071434938698996
2002-10-25,1.105626987258303
2002-10-28,1.1060966293673664
2002-10-29,1.1070283130382434
2002-10-30,1.1066678691254306
2002-10-31,1.1071070945200747
2002-11-01,1.1070113690101593
2002-11-04,1.1085303516541831
2002-11-05,1.1093169396498932
2002-11-06,1.1096089415446075
2002-11-07,1.109826806967254
2002-11-08,1.1110323005678968
2002-11-11,1.1112489858662837
2002-11-12,1.111492550565624
2002-11-13,1.1116575696036997
2002-11-14,1.1120974527965293
2002-11-15,1.1138752257764264
2002-11-18,1.113775373596692
2002-11-19,1.1144141091828572
2002-11-20,1.1138521543504494
2002-11-21,1.1141717534096507
2002-11-22,1.11309210448144
2002-11-25,1.1142850106813673
2002-11-26,1.1150669331609881
2002-11-27,1.1152281340921704
2002-11-28,1.11446544606604
2002-11-29,1.1160919176152697
2002-12-02,1.1324677654198443
2002-12-03,1.1493621850468703
2002-12-04,1.1655633090415398
2002-12-05,1.181190584227398
2002-12-06,1.1794161962943561
2002-12-09,1.2097219264870602
2002-12-10,1.2323772414597447
2002-12-11,1.2191766311240941
2002-12-12,1.228858135126896
2002-12-13,1.2500035341747997
2002-12-16,1.2798990301694826
2002-12-17,1.2908701401260543
2002-12-18,1.3099050844011955
2002-12-19,1.271612974995027
2002-12-20,1.2671073033452278
2002-12-23,1.2681086648726834
2002-12-24,1.2486555775159371
2002-12-25,1.249700111896803
2002-12-26,1.2447288810469195
2002-12-27,1.2228433789214577
2002-12-30,1.2342811745638147
2002-12-31,1.2221149966969749
2003-01-01,1.215302821835454
2003-01-02,1.2346299269767882
2003-01-03,1.2223376832924209
2003-01-06,1.2505543425357433
2003-01-07,1.2609218940627367
2003-01-08,1.2443758875267124
2003-01-09,1.2172293523404007
2003-01-10,1.2194897266554898
2003-01-13,1.206591368082212
2003-01-14,1.184953389400149
2003-01-15,1.1622938189981935
2003-01-16,1.1536951416154704
2003-01-17,1.1455455575413775
2003-01-20,1.1489608997144527
2003-01-21,1.127222884258247
2003-01-22,1.118007123586275
2003-01-23,1.1079213642087953
2003-01-24,1.095621295090705
2003-01-27,1.1191641432529351
2003-01-28,1.12424655558953
2003-01-29,1.164315424294807
2003-01-30,1.1797068208180224
2003-01-31,1.1870509850562487
2003-02-03,1.1852259305823112
2003-02-04,1.1856571051041855
2003-02-05,1.1857495426695601
2003-02-06,1.1863706377392376
2003-02-07,1.185574463268477
2003-02-10,1.1837963956715016
2003-02-11,1.184140960675475
2003-02-12,1.184085791707945
2003-02-13,1.1832734478798863
2003-02-14,1.1829767977368875
2003-02-17,1.1827711567272639
2003-02-18,1.1822616000255608
2003-02-19,1.1828574862957582
2003-02-20,1.1816588551717064
2003-02-21,1.18030183438608
2003-02-24,1.1787322203889161
2003-02-25,1.1790793435448015
2003-02-26,1.1768098019950208
2003-02-27,1.177052792902354
2003-02-28,1.1773841298802856
2003-03-03,1.1773797011641205
2003-03-04,1.1775382876600367
2003-03-05,1.1782110891502997
2003-03-06,1.1779295312525062
2003-03-07,1.1780170320362429
2003-03-10,1.179531497079121
2003-03-11,1.1793579884116336
2003-03-12,1.1792414289978779
2003-03-13,1.179890209097265
2003-03-14,1.180205889978447
2003-03-17,1.18026690616113
2003-03-18,1.180514456345243
2003-03-19,1.1801294890072247
2003-03-20,1.180262112060629
2003-03-21,1.1811007480168927
2003-03-24,1.1813660497870893
2003-03-25,1.180595598468423
2003-03-26,1.17998498987043
2003-03-27,1.1789199346498962
2003-03-28,1.179213931445052
2003-03-31,1.1800874770340943
2003-04-01,1.1797171653173169
2003-04-02,1.1809015011167419
2003-04-03,1.180614057888756
2003-04-04,1.1795281754105629
2003-04-07,1.1791525717211802
2003-04-08,1.179452845752045
2003-04-09,1.1796177145888087
2003-04-10,1.1796844001881275
2003-04-11,1.1787153203789256
2003-04-14,1.1791168022137664
2003-04-15,1.178774095987393
2003-04-16,1.1778657906499852
2003-04-17,1.178115040432769
2003-04-18,1.1783277076613992
2003-04-21,1.1790809636827513
2003-04-22,1.1789300457472116
2003-04-23,1.1808285972963541
2003-04-24,1.181714571575086
2003-04-25,1.1824038840012274
2003-04-28,1.181339836178557
2003-04-29,1.179826659717044
2003-04-30,1.1799158845498117
2003-05-01,1.1903517413880456
2003-05-02,1.175321925261147
2003-05-05,1.1915760013877819
2003-05-06,1.1990509168886356
2003-05-07,1.196979175910153
2003-05-08,1.2160560594747487
2003-05-09,1.2415430505012626
2003-05-12,1.2276460026753626
2003-05-13,1.221184853014747
2003-05-14,1.2243550695172978
2003-05-15,1.2576360721913675
2003-05-16,1.266879819485721
2003-05-19,1.2723134881947062
2003-05-20,1.314238255819454
2003-05-21,1.3099959452325751
2003-05-22,1.3315213417223555
2003-05-23,1.31792119536698
2003-05-26,1.3202857903474874
2003-05-27,1.340693891586356
2003-05-28,1.32693261805024
2003-05-29,1.3145523741923852
2003-05-30,1.311983944853453
2003-06-02,1.3387615026605735
2003-06-03,1.304791784634931
2003-06-04,1.2936435463836304
2003-06-05,1.3164050028213894
2003-06-06,1.2723114197743883
2003-06-09,1.3134658696539807
2003-06-10,1.3205472073651494
2003-06-11,1.3608810710979178
2003-06-12,1.346184511962247
2003-06-13,1.363724058571399
2003-06-16,1.3484290160598726
2003-06-17,1.3549345713325047
2003-06-18,1.348900368906913
2003-06-19,1.3426473841094733
2003-06-20,1.31248290982457
2003-06-23,1.2573837837924082
2003-06-24,1.2469469136498423
2003-06-25,1.2978331753776604
2003-06-26,1.2869678554400137
2003-06-27,1.2770840464588773
2003-06-30,1.2871115889579425
2003-07-01,1.2619966451233953
2003-07-02,1.2301338696641912
2003-07-03,1.1958715162086153
2003-07-04,1.1737719029714375
2003-07-07,1.209911508728494
2003-07-08,1.2140321513425967
2003-07-09,1.175882836892433
2003-07-10,1.172867941490279
2003-07-11,1.1627048723464208
2003-07-14,1.178274918436961
2003-07-15,1.1665338500891944
2003-07-16,1.1525341804876024
2003-07-17,1.1514684754050282
2003-07-18,1.1812967279408573
2003-07-21,1.1871526961512184
2003-07-22,1.2068477447800623
2003-07-23,1.252303423998735
2003-07-24,1.2722027891960228
2003-07-25,1.2690201482143688
2003-07-28,1.2890712668716189
2003-07-29,1.2743246844467335
2003-07-30,1.2457888020155494
2003-07-31,1.24471742189794
2003-08-01,1.2424600288534677
2003-08-04,1.2429133333084383
2003-08-05,1.243978243312992
2003-08-06,1.2450339949563394
2003-08-07,1.2455834480408785
2003-08-08,1.245847215828683
2003-08-11,1.2464074363321935
2003-08-12,1.2454961447933692
2003-08-13,1.2453285922944524
2003-08-14,1.2446787612429335
2003-08-15,1.2452168554493117
2003-08-18,1.2465925737625116
2003-08-19,1.2463120781206372
2003-08-20,1.2464727311332746
2003-08-21,1.2480550792991079
2003-08-22,1.2480870858693345
2003-08-25,1.2484340525238835
2003-08-26,1.248719567029248
2003-08-27,1.2490820289966456
2003-08-28,1.2478810444749955
2003-08-29,1.2486751729647847
2003-09-01,1.2492560979396417
2003-09-02,1.2478876624803634
2003-09-03,1.2495202127433707
2003-09-04,1.249538953362304
2003-09-05,1.248570872262953
2003-09-08,1.2485814968462685
2003-09-09,1.2492833649875497
2003-09-10,1.2488574891403326
2003-09-11,1.2494421082854754
2003-09-12,1.2494122289036127
2003-09-15,1.2501967830821443
2003-09-16,1.2502481278698518
2003-09-17,1.2507348939190532
2003-09-18,1.2514788788026208
2003-09-19,1.2518027804925949
2003-09-22,1.2524411128351909
2003-09-23,1.2525681918315996
2003-09-24,1.252945565149524
2003-09-25,1.2541997132337634
2003-09-26,1.2539268574080715
2003-09-29,1.25440627878975
2003-09-30,1.2527256275728094
2003-10-01,1.2527657626227218
2003-10-02,1.2534942763257386
2003-10-03,1.253954938914501
2003-10-06,1.2533995095270696
2003-10-07,1.2535790877760606
2003-10-08,1.2535340564797441
2003-10-09,1.2541826528156497
2003-10-10,1.254741321892338
2003-10-13,1.2542272922873605
2003-10-14,1.2560904188441075
2003-10-15,1.2553857498740146
2003-10-16,1.2562522002497494
2003-10-17,1.2560949297042479
2003-10-20,1.256933584731942
2003-10-21,1.2583495257311346
2003-10-22,1.2592809973290917
2003-10-23,1.2595642752484744
2003-10-24,1.259938834562647
2003-10-27,1.2597829792156967
2003-10-28,1.259622571908141
2003-10-29,1.260581339993515
2003-10-30,1.2605219587240952
2003-10-31,1.2609752399471468
2003-11-03,1.2622442425957598
2003-11-04,1.262752869952401
2003-11-05,1.2620575743876816
2003-11-06,1.2613789713286332
2003-11-07,1.2604389603746655
2003-11-10,1.259752295678519
2003-11-11,1.259208064138947
2003-11-12,1.259685381866221
2003-11-13,1.2590638705005563
2003-11-14,1.2587566451524574
2003-11-17,1.2574037065715142
2003-11-18,1.25672473909482
2003-11-19,1.2566505472369505
2003-11-20,1.256824269382811
2003-11-21,1.2578670652306918
2003-11-24,1.257878062111706
2003-11-25,1.2592072457042096
2003-11-26,1.2577939811994734
2003-11-27,1.2587240212239925
2003-11-28,1.258578565569404
2003-12-01,1.259509686929601
2003-12-02,1.2605971340572877
2003-12-03,1.2611515000487392
2003-12-04,1.2605798502707337
2003-12-05,1.2609018615228285
2003-12-08,1.26172236428866
2003-12-09,1.2612847920648886
2003-12-10,1.2618994854214067
2003-12-11,1.262769691339536
2003-12-12,1.2629999257673024
2003-12-15,1.262264921777259
2003-12-16,1.2618315870833665
2003-12-17,1.2617809248874394
2003-12-18,1.2626036703557435
2003-12-19,1.2625842481908471
2003-12-22,1.262015929375383
2003-12-23,1.2630913503329513
2003-12-24,1.2637490174878505
2003-12-25,1.2647381844614187
2003-12-26,1.263765824715373
2003-12-29,1.2628764957851792
2003-12-30,1.263439034488867
2003-12-31,1.2636969073660216
2004-01-01,1.2618693539276322
2004-01-02,1.2621419011384067
2004-01-05,1.2616017861737596
2004-01-06,1.2624668468775675
2004-01-07,1.2631809311736388
2004-01-08,1.2636528703343375
2004-01-09,1.2628328178946557
2004-01-12,1.2636560226691456
2004-01-13,1.26210500018003
2004-01-14,1.2614168303310898
2004-01-15,1.2601092314157991
2004-01-16,1.258021761908603
2004-01-19,1.2573647031671649
2004-01-20,1.2576137588714493
2004-01-21,1.257373081947555
2004-01-22,1.258336262938947
2004-01-23,1.256869272242023
2004-01-26,1.2563845559762745
2004-01-27,1.2557482570964351
2004-01-28,1.2560680852205393
2004-01-29,1.2556117019143653
2004-01-30,1.2561095934765703
2004-02-02,1.2562687722357764
2004-02-03,1.2568552960695645
2004-02-04,1.2549878791372746
2004-02-05,1.2550931914227026
2004-02-06,1.2544906708032582
2004-02-09,1.2545633623568058
2004-02-10,1.25397662765959
2004-02-11,1.2547087257862253
2004-02-12,1.2542566497785541
2004-02-13,1.2551040391882406
2004-02-16,1.2554433980009247
2004-02-17,1.255370155541889
2004-02-18,1.2555683332801704
2004-02-19,1.255020977879786
2004-02-20,1.2540053948325969
2004-02-23,1.2530037137722743
2004-02-24,1.2538188949277418
2004-02-25,1.2532298045289822
2004-02-26,1.253510538513019
2004-02-27,1.2532106526765157
2004-03-01,1.2534973935608233
2004-03-02,1.2539653880178776
2004-03-03,1.2543009926922104
2004-03-04,1.25549946465044
2004-03-05,1.2545603810523493
2004-03-08,1.2534214997913289
2004-03-09,1.2544654465459861
2004-03-10,1.2538034024122586
2004-03-11,1.2534982371713483
2004-03-12,1.2555300503079043
2004-03-15,1.256347712141772
2004-03-16,1.2542640113858896
2004-03-17,1.254978359847846
2004-03-18,1.255309533097393
2004-03-19,1.2537465403381591
2004-03-22,1.2546593888531283
2004-03-23,1.2555959498083233
2004-03-24,1.2548915500212463
2004-03-25,1.2552791475054226
2004-03-26,1.2559052823534784
2004-03-29,1.2552535441933261
2004-03-30,1.2550591733770644
2004-03-31,1.2557694768833714
2004-04-01,1.2097493220084012
2004-04-02,1.2139579448446942
2004-04-05,1.2286404060375322
2004-04-06,1.20846103116124
2004-04-07,1.2428902798933834
2004-04-08,1.2596722985579545
2004-04-09,1.305591803733647
2004-04-12,1.27575914664091
2004-04-13,1.3155415616336834
2004-04-14,1.3186055175452478
2004-04-15,1.3210252409011676
2004-04-16,1.3192397779946556
2004-04-19,1.2975922569735778
2004-04-20,1.3097839663401274
2004-04-21,1.318459923546235
2004-04-22,1.3466378359584756
2004-04-23,1.318158262899141
2004-04-26,1.3244344633706087
2004-04-27,1.3168628166175116
2004-04-28,1.3103020702052002
2004-04-29,1.295587696283895
2004-04-30,1.3233208870746342
2004-05-03,1.3367120626441567
2004-05-04,1.3368282001848903
2004-05-05,1.326740145768541
2004-05-06,1.3856378050152331
2004-05-07,1.3584056243414344
2004-05-10,1.3499601366535885
2004-05-11,1.3561421188056193
2004-05-12,1.3776652075759233
2004-05-13,1.401461032248083
2004-05-14,1.4265026924145385
2004-05-17,1.4397134415539168
2004-05-18,1.3860400743865273
2004-05-19,1.3643244489574025
2004-05-20,1.3722494779066752
2004-05-21,1.346539449729437
2004-05-24,1.3424224595354577
2004-05-25,1.39706477809483
2004-05-26,1.3935456606003094
2004-05-27,1.3629433148100896
2004-05-28,1.3718715374201844
2004-05-31,1.3848971659224072
2004-06-01,1.4032842438182294
2004-06-02,1.402360578244181
2004-06-03,1.447944570829146
2004-06-04,1.434469017745385
2004-06-07,1.480081164138592
2004-06-08,1.5278456554527253
2004-06-09,1.5523662118550225
2004-06-10,1.5361809399228137
2004-06-11,1.5692653910247778
2004-06-14,1.5181836380155649
2004-06-15,1.5303836516822418
2004-06-16,1.5864456637514135
2004-06-17,1.5914966201813312
2004-06-18,1.5203078267204655
2004-06-21,1.4948873678367265
2004-06-22,1.4913154226794452
2004-06-23,1.4790132287922504
2004-06-24,1.4181060158632204
2004-06-25,1.3931273805387276
2004-06-28,1.433623849515311
2004-06-29,1.4450028800072434
2004-06-30,1.3567437904122255
2004-07-01,1.3708361072144577
2004-07-02,1.3840696208129915
2004-07-05,1.382150609657232
2004-07-06,1.4026816497575785
2004-07-07,1.4218361690609564
2004-07-08,1.4405076500146166
2004-07-09,1.4540463185297263
2004-07-12,1.4601801472808287
2004-07-13,1.4686407064273588
2004-07-14,1.4953450734581737
2004-07-15,1.4672137403936873
2004-07-16,1.4777708287439875
2004-07-19,1.4668348152089157
2004-07-20,1.4966342111821884
2004-07-21,1.4959103923005432
2004-07-22,1.4936797232328742
2004-07-23,1.5064057692862194
2004-07-26,1.4889892279906085
2004-07-27,1.4727208773827094
2004-07-28,1.489834385287382
2004-07-29,1.5341095777762024
2004-07-30,1.503487654125283
2004-08-02,1.471378030948452
2004-08-03,1.5171311925750484
2004-08-04,1.4677376121332129
2004-08-05,1.4983405566671788
2004-08-06,1.515495825927108
2004-08-09,1.5377707295089453
2004-08-10,1.5690397400957556
2004-08-11,1.5353284477847853
2004-08-12,1.6349525540093746
2004-08-13,1.693345450910268
2004-08-16,1.6752776633666526
2004-08-17,1.7321829986727715
2004-08-18,1.7618550792803431
2004-08-19,1.745174186544989
2004-08-20,1.7002504195738377
2004-08-23,1.6830889922979295
2004-08-24,1.6645798432932508
2004-08-25,1.697341168628559
2004-08-26,1.7048510477933587
2004-08-27,1.7021259284198722
2004-08-30,1.726587979018702
2004-08-31,1.761990000935417
2004-09-01,1.7908961083066457
2004-09-02,1.7715336597820903
2004-09-03,1.782721540208537
2004-09-06,1.7498010419348988
2004-09-07,1.7586016036141028
2004-09-08,1.7890441515536504
2004-09-09,1.854435422014653
2004-09-10,1.8386426743374136
2004-09-13,1.8712050314287205
2004-09-14,1.8856300958782775
2004-09-15,1.8772456935101207
2004-09-16,1.8857895566115568
2004-09-17,1.8834501385633131
2004-09-20,1.8785673677363186
2004-09-21,1.8688179224816563
2004-09-22,1.863869324564589
2004-09-23,1.884442484658787
2004-09-24,1.8651801917748791
2004-09-27,1.874790757150997
2004-09-28,1.867818259789155
2004-09-29,1.8839464008283944
2004-09-30,1.8812930187060688
2004-10-01,1.8474913494297316
2004-10-04,1.8186172373986362
2004-10-05,1.9243693516217713
2004-10-06,1.926833537291822
2004-10-07,1.9862616076760635
2004-10-08,1.9567968204138029
2004-10-11,1.954071323489602
2004-10-12,1.952884246390023
2004-10-13,1.9555332016322815
2004-10-14,1.9362560755035148
2004-10-15,1.9264622228823733
2004-10-18,1.96340338320638
2004-10-19,2.0088142078612634
2004-10-20,1.9892541883922592
2004-10-21,2.0024314255852707
2004-10-22,1.9010996859944747
2004-10-25,1.9076468768206745
2004-10-26,1.8910337777476842
2004-10-27,1.9215829025096687
2004-10-28,1.8918893024355798
2004-10-29,1.9443695472869285
2004-11-01,1.9557895863651122
2004-11-02,1.9256781160525183
2004-11-03,1.9705454308343597
2004-11-04,1.976456149569851
2004-11-05,1.9875705116169413
2004-11-08,2.000597303634965
2004-11-09,1.965547804381639
2004-11-10,1.9580102329304567
2004-11-11,2.0097243954663457
2004-11-12,2.029457827709984
2004-11-15,2.0300600240160382
2004-11-16,2.0620777530531638
2004-11-17,2.053831911291539
2004-11-18,2.064331939995573
2004-11-19,2.05829478393617
2004-11-22,2.0368677411223706
2004-11-23,2.068214016805498
2004-11-24,2.0617329417389834
2004-11-25,2.0687586777286646
2004-11-26,2.1029744860260213
2004-11-29,2.066205085419275
2004-11-30,2.1071838614517318
2004-12-01,2.1067857203068403
2004-12-02,2.10889900564755
2004-12-03,2.109596727862489
2004-12-06,2.108101288564405
2004-12-07,2.109669363468725
2004-12-08,2.1098175129679015
2004-12-09,2.1118039190409275
2004-12-10,2.1115686979970723
2004-12-13,2.1095803005115297
2004-12-14,2.1073545817064665
2004-12-15,2.1060463594895795
2004-12-16,2.1074841728063127
2004-12-17,2.1056895239342754
2004-12-20,2.105811234810685
2004-12-21,2.1050325186016883
2004-12-22,2.1069952930439677
2004-12-23,2.107239018901271
2004-12-24,2.1061179916866863
2004-12-27,2.106460262645134
2004-12-28,2.108321776184115
2004-12-29,2.108956876184109
2004-12-30,2.109472388538545
2004-12-31,2.1075837291034216
2005-01-03,2.055628603786413
2005-01-04,2.02371654823779
2005-01-05,1.9786807020422064
2005-01-06,2.0276650465540675
2005-01-07,2.1079330036539004
2005-01-10,2.1465673050144014
2005-01-11,2.0457472220517197
2005-01-12,2.0489435031985574
2005-01-13,2.0797880932381876
2005-01-14,2.0729262637350656
2005-01-17,2.0315674444782363
2005-01-18,2.0018228393113957
2005-01-19,1.9896078982962953
2005-01-20,2.0318230602033935
2005-01-21,1.9806678039737862
2005-01-24,1.9278971060684524
2005-01-25,1.9613571005144999
2005-01-26,2.0015672106704585
2005-01-27,2.0653021129018994
2005-01-28,2.1139948827627015
2005-01-31,2.142755311837944
2005-02-01,2.2150119944256788
2005-02-02,2.1697746180403295
2005-02-03,2.2536783971247445
2005-02-04,2.2846283723827434
2005-02-07,2.2545346397831403
2005-02-08,2.1239594873473746
2005-02-09,2.199845426166664
2005-02-10,2.2219360352371904
2005-02-11,2.2121794553251197
2005-02-14,2.287963001465095
2005-02-15,2.2337313922142044
2005-02-16,2.124461926512514
2005-02-17,2.274415513835407
2005-02-18,2.2199805741490266
2005-02-21,2.1703913997769013
2005-02-22,2.2582718454743076
2005-02-23,2.327126407843977
2005-02-24,2.3246916319750075
2005-02-25,2.315362588041715
2005-02-28,2.2052846385873615
2005-03-01,2.224719884490559
2005-03-02,2.143219103886873
2005-03-03,2.2084886675670146
2005-03-04,2.171283313802092
2005-03-07,2.176959095554918
2005-03-08,2.138429942994849
2005-03-09,2.085837171419983
2005-03-10,2.0810765623605825
2005-03-11,2.0695547552166964
2005-03-14,2.1013446769130084
2005-03-15,2.100020239457754
2005-03-16,2.120605696062512
2005-03-17,2.078404553937227
2005-03-18,2.1233450721410465
2005-03-21,2.1031668746030046
2005-03-22,2.0892208751090844
2005-03-23,2.026367104237598
2005-03-24,1.9176641220981525
2005-03-25,1.9033733585038406
2005-03-28,1.9243004647468789
2005-03-29,1.894476800534098
2005-03-30,1.8607474345924406
2005-03-31,1.7366450476194433
2005-04-01,1.7156212051879356
2005-04-04,1.6872581039814802
2005-04-05,1.6517122290945268
2005-04-06,1.6538409900363458
2005-04-07,1.6482040534819897
2005-04-08,1.6385461680666622
2005-04-11,1.6496202492445482
2005-04-12,1.6398730200761267
2005-04-13,1.6584452354569734
2005-04-14,1.6585831858946327
2005-04-15,1.7170801785002743
2005-04-18,1.6958089272269452
2005-04-19,1.6693208720252428
2005-04-20,1.5928074385072486
2005-04-21,1.5935173300009344
2005-04-22,1.5807086603877962
2005-04-25,1.6530545281603255
2005-04-26,1.6385036334914715
2005-04-27,1.6004433096750215
2005-04-28,1.684946759274074
2005-04-29,1.6859853002890928
2005-05-02,1.7190146839937424
2005-05-03,1.7500962703934533
2005-05-04,1.7668494547201818
2005-05-05,1.7255022397532829
2005-05-06,1.686558528397084
2005-05-09,1.7589931490642152
2005-05-10,1.8375194887767217
2005-05-11,1.7901028627459477
2005-05-12,1.8682465426084842
2005-05-13,1.8010549197980097
2005-05-16,1.7764870173901888
2005-05-17,1.7470485531346311
2005-05-18,1.7825317091596344
2005-05-19,1.7741102726532707
2005-05-20,1.8253192641606695
2005-05-23,1.874617408042126
2005-05-24,1.9309689009192887
2005-05-25,1.9130663425024597
2005-05-26,1.9680894861324592
2005-05-27,2.0004741892782683
2005-05-30,1.9766548826879589
2005-05-31,1.962610533067207
2005-06-01,1.9572651284802633
2005-06-02,1.9250332404840742
2005-06-03,1.9630605935848109
2005-06-06,1.9860373551603272
2005-06-07,1.908228967810028
2005-06-08,1.9322202487552256
2005-06-09,1.9511325884345112
2005-06-10,1.914578469924956
2005-06-13,1.9166973870763073
2005-06-14,1.8670815435621795
2005-06-15,1.8426406977963785
2005-06-16,1.8539360682330486
2005-06-17,1.887810794991815
2005-06-20,1.9438366834292065
2005-06-21,1.940489920466482
2005-06-22,1.8827089216205934
2005-06-23,1.8392211186712457
2005-06-24,1.8198826051507861
2005-06-27,1.796796705187029
2005-06-28,1.7596407108425074
2005-06-29,1.7409957197791697
2005-06-30,1.80186379779121
2005-07-01,1.8505706677581408
2005-07-04,1.8495014241097318
2005-07-05,1.8812927453491972
2005-07-06,1.8762259731598807
2005-07-07,1.8912318189283845
2005-07-08,1.9257888163843528
2005-07-11,1.955140145765694
2005-07-12,1.9645472639878354
2005-07-13,1.9440082346046659
2005-07-14,1.9150783972196557
2005-07-15,1.9133052753586866
2005-07-18,1.9200838078958264
2005-07-19,1.939192131666067
2005-07-20,1.9516461716791977
2005-07-21,1.9805716670752842
2005-07-22,1.8967429101859656
2005-07-25,1.9248398946392045
2005-07-26,1.8974220132617914
2005-07-27,1.938289227316471
2005-07-28,1.9604679305222648
2005-07-29,1.9956953132678998
2005-08-01,1.9782903699785035
2005-08-02,1.9902265356227442
2005-08-03,1.9250031253731652
2005-08-04,1.9620483761986909
2005-08-05,1.9551846305204303
2005-08-08,1.8763651509184396
2005-08-09,1.9078073046214563
2005-08-10,1.958641512629292
2005-08-11,1.92661439463977
2005-08-12,1.969303419656005
2005-08-15,1.9489442729820539
2005-08-16,1.883332566337122
2005-08-17,1.870403175674455
2005-08-18,1.8860475144367683
2005-08-19,1.8856939288757617
2005-08-22,1.895528402619802
2005-08-23,1.8996003940042763
2005-08-24,1.8989616641603575
2005-08-25,1.8867322028494389
2005-08-26,1.8789303595824547
2005-08-29,1.8740324368991343
2005-08-30,1.86298914400675
2005-08-31,1.853410437619951
2005-09-01,1.836410775434482
2005-09-02,1.835595355949579
2005-09-05,1.8703532926644384
2005-09-06,1.8370805638120804
2005-09-07,1.8987374243406083
2005-09-08,1.9066882828024188
2005-09-09,1.9122927023964178
2005-09-12,1.8942809528011313
2005-09-13,1.8718730237933596
2005-09-14,1.890341385210184
2005-09-15,1.9198552542287284
2005-09-16,1.9119237489052003
2005-09-19,1.9474245289457952
2005-09-20,1.96251001984922
2005-09-21,1.9478333979243072
2005-09-22,1.9295452968748155
2005-09-23,1.998648695042088
2005-09-26,1.9868422564085015
2005-09-27,1.9343181871739352
2005-09-28,1.9227266518243424
2005-09-29,1.9698927262055979
2005-09-30,2.0243629577899287
2005-10-03,2.0365946034487035
2005-10-04,2.023586255662652
2005-10-05,2.025213175338869
2005-10-06,2.0420548531952503
2005-10-07,2.0441606824740717
2005-10-10,1.961020477131754
2005-10-11,1.952887659629807
2005-10-12,1.9232330121007153
2005-10-13,1.8903443845889445
2005-10-14,1.8990737132005902
2005-10-17,1.8841837005117446
2005-10-18,1.8501826159999095
2005-10-19,1.8738267780076165
2005-10-20,1.8980318868964823
2005-10-21,1.8507221920852865
2005-10-24,1.8583987225006415
2005-10-25,1.89456059503129
2005-10-26,1.9162400332432772
2005-10-27,1.8941533866816453
2005-10-28,1.8967978056745733
2005-10-31,1.8857403641475672
2005-11-01,1.8835924654115523
2005-11-02,1.8763589711170878
2005-11-03,1.831702348681626
2005-11-04,1.7744011615021298
2005-11-07,1.7800284282226422
2005-11-08,1.7747015562330946
2005-11-09,1.8375728037117018
2005-11-10,1.8348874727408808
2005-11-11,1.8717447724913732
2005-11-14,1.913766173504736
2005-11-15,1.9226875587688212
2005-11-16,1.9316294010737285
2005-11-17,1.9285960817166987
2005-11-18,1.9846566904212153
2005-11-21,1.9285730728840949
2005-11-22,1.9197962113111378
2005-11-23,1.9702043805548382
2005-11-24,1.960253234000422
2005-11-25,1.953273962881836
2005-11-28,1.9600572136207222
2005-11-29,1.9719284461594662
2005-11-30,1.9957607216527382
2005-12-01,1.999159993372749
2005-12-02,2.020148393442544
2005-12-05,2.043103670331288
2005-12-06,2.0111944052918314
2005-12-07,1.9938607693058958
2005-12-08,2.0059843091945297
2005-12-09,2.02198984941278
2005-12-12,2.0228521816555856
2005-12-13,2.03664092778771
2005-12-14,2.0567101467861995
2005-12-15,2.047162660866958
2005-12-16,2.0193449644274777
2005-12-19,1.9858850017286271
2005-12-20,2.0240999047541326
2005-12-21,1.9979628133257386
2005-12-22,1.9906111338613883
2005-12-23,1.992271790224733
2005-12-26,2.0222166618082684
2005-12-27,1.980915380861878
2005-12-28,1.9784058661252506
2005-12-29,2.0006061902975314
2005-12-30,2.014840629575502
